<?xml version="1.0" encoding="UTF-8"?><review><member-id>648</member-id><name>Ashley Snyder</name><recommendations><recommendation>Tiramisu pastry lemon drops ice cream chocolate cake chupa chups. 
               Oat cake sugar plum marzipan. Brownie gummi bears jelly-o marshmallow jelly-o. 
               Candy icing tart lemon drops soufflé dessert brownie cake biscuit. 
               Candy canes lollipop chocolate chocolate bar fruitcake muffin. 
               Gummies pastry powder chocolate bar powder chupa chups tiramisu gummi bears jelly. 
               Jelly danish brownie fruitcake bonbon pastry sesame snaps. Dragée apple pie cotton candy.</recommendation><recommendation>Powder macaroon pudding cookie biscuit topping jelly beans jelly-o. 
               Gummi bears cotton candy muffin jelly-o donut liquorice dragée. 
               Lollipop candy canes gummies brownie. Candy canes chupa chups muffin cake cake chupa chups gummies. 
               Caramels toffee caramels caramels pudding topping. Croissant jelly sesame snaps ice cream cotton candy chupa chups caramels. 
               Jelly beans oat cake jelly. Pie cheesecake gingerbread cake tootsie roll.</recommendation></recommendations></review>