<?xml version="1.0" encoding="UTF-8"?><review><member-id>680</member-id><name>Joyce Fuller</name><recommendations><recommendation>Brownie ice cream biscuit cupcake. 
               Danish carrot cake toffee brownie bonbon liquorice cotton candy powder. 
               Cupcake chocolate gummi bears toffee bonbon gummies pie pastry halvah. 
               Chupa chups cupcake halvah soufflé wafer wafer soufflé cupcake tart. 
               Gummies macaroon donut marzipan lemon drops. 
               Marshmallow chupa chups toffee sweet roll lollipop. 
               Macaroon tiramisu lemon drops cupcake chocolate halvah pie cotton candy. 
               Lemon drops chocolate donut cake apple pie. Dragée sesame snaps bear claw jelly ice cream toffee cake halvah icing.</recommendation><recommendation>Donut cotton candy tootsie roll halvah carrot cake lollipop gummies tootsie roll candy. 
               Cookie gummies cupcake tart fruitcake. 
               Jelly danish jelly croissant cheesecake carrot cake carrot cake gummi bears powder. 
               Sugar plum bonbon gingerbread gingerbread croissant candy canes. 
               Topping lemon drops marshmallow croissant chocolate bar powder. Biscuit gummi bears cupcake tart. Apple pie pie brownie jelly-o.</recommendation></recommendations></review>