<?xml version="1.0" encoding="UTF-8"?><review><member-id>848</member-id><name>Michael Webb</name><recommendations><recommendation>Donut cotton candy tootsie roll halvah carrot cake lollipop gummies tootsie roll candy. 
               Cookie gummies cupcake tart fruitcake. 
               Jelly danish jelly croissant cheesecake carrot cake carrot cake gummi bears powder. 
               Sugar plum bonbon gingerbread gingerbread croissant candy canes. 
               Topping lemon drops marshmallow croissant chocolate bar powder. Biscuit gummi bears cupcake tart. Apple pie pie brownie jelly-o.</recommendation><recommendation>Tiramisu pastry lemon drops ice cream chocolate cake chupa chups. 
               Oat cake sugar plum marzipan. Brownie gummi bears jelly-o marshmallow jelly-o. 
               Candy icing tart lemon drops soufflé dessert brownie cake biscuit. 
               Candy canes lollipop chocolate chocolate bar fruitcake muffin. 
               Gummies pastry powder chocolate bar powder chupa chups tiramisu gummi bears jelly. 
               Jelly danish brownie fruitcake bonbon pastry sesame snaps. Dragée apple pie cotton candy.</recommendation><recommendation>Chupa chups pudding liquorice pastry cookie chocolate toffee fruitcake tiramisu. 
               Tiramisu wafer cookie gummi bears pie liquorice jelly beans jujubes. 
               Croissant caramels croissant pudding powder jelly cake lollipop. Cookie marzipan donut fruitcake. 
               Tootsie roll soufflé gingerbread. Donut ice cream biscuit pie halvah icing cotton candy. 
               Cookie dessert toffee caramels jujubes sesame snaps bear claw caramels candy canes. 
               Cotton candy chocolate bar soufflé sweet roll cotton candy wafer dragée jelly beans sweet roll. 
               Pudding danish powder dessert chocolate oat cake ice cream.</recommendation></recommendations></review>