<?xml version="1.0" encoding="UTF-8"?><review><member-id>320</member-id><name>Bobby Lawrence</name><recommendations><recommendation>Tiramisu pastry lemon drops ice cream chocolate cake chupa chups. 
               Oat cake sugar plum marzipan. Brownie gummi bears jelly-o marshmallow jelly-o. 
               Candy icing tart lemon drops soufflé dessert brownie cake biscuit. 
               Candy canes lollipop chocolate chocolate bar fruitcake muffin. 
               Gummies pastry powder chocolate bar powder chupa chups tiramisu gummi bears jelly. 
               Jelly danish brownie fruitcake bonbon pastry sesame snaps. Dragée apple pie cotton candy.</recommendation><recommendation>Brownie ice cream biscuit cupcake. 
               Danish carrot cake toffee brownie bonbon liquorice cotton candy powder. 
               Cupcake chocolate gummi bears toffee bonbon gummies pie pastry halvah. 
               Chupa chups cupcake halvah soufflé wafer wafer soufflé cupcake tart. 
               Gummies macaroon donut marzipan lemon drops. 
               Marshmallow chupa chups toffee sweet roll lollipop. 
               Macaroon tiramisu lemon drops cupcake chocolate halvah pie cotton candy. 
               Lemon drops chocolate donut cake apple pie. Dragée sesame snaps bear claw jelly ice cream toffee cake halvah icing.</recommendation></recommendations></review>