<?xml version="1.0" encoding="UTF-8"?><review><member-id>322</member-id><name>Doris Jacobs</name><recommendations><recommendation>Powder macaroon pudding cookie biscuit topping jelly beans jelly-o. 
               Gummi bears cotton candy muffin jelly-o donut liquorice dragée. 
               Lollipop candy canes gummies brownie. Candy canes chupa chups muffin cake cake chupa chups gummies. 
               Caramels toffee caramels caramels pudding topping. Croissant jelly sesame snaps ice cream cotton candy chupa chups caramels. 
               Jelly beans oat cake jelly. Pie cheesecake gingerbread cake tootsie roll.</recommendation><recommendation>Powder macaroon pudding cookie biscuit topping jelly beans jelly-o. 
               Gummi bears cotton candy muffin jelly-o donut liquorice dragée. 
               Lollipop candy canes gummies brownie. Candy canes chupa chups muffin cake cake chupa chups gummies. 
               Caramels toffee caramels caramels pudding topping. Croissant jelly sesame snaps ice cream cotton candy chupa chups caramels. 
               Jelly beans oat cake jelly. Pie cheesecake gingerbread cake tootsie roll.</recommendation></recommendations></review>