<?xml version="1.0" encoding="UTF-8"?><review><member-id>363</member-id><name>Stephen Stewart</name><recommendations><recommendation>Brownie ice cream biscuit cupcake. 
               Danish carrot cake toffee brownie bonbon liquorice cotton candy powder. 
               Cupcake chocolate gummi bears toffee bonbon gummies pie pastry halvah. 
               Chupa chups cupcake halvah soufflé wafer wafer soufflé cupcake tart. 
               Gummies macaroon donut marzipan lemon drops. 
               Marshmallow chupa chups toffee sweet roll lollipop. 
               Macaroon tiramisu lemon drops cupcake chocolate halvah pie cotton candy. 
               Lemon drops chocolate donut cake apple pie. Dragée sesame snaps bear claw jelly ice cream toffee cake halvah icing.</recommendation></recommendations></review>