<?xml version="1.0" encoding="UTF-8"?><review><member-id>440</member-id><name>Irene Ramirez</name><recommendations><recommendation>Chupa chups pudding liquorice pastry cookie chocolate toffee fruitcake tiramisu. 
               Tiramisu wafer cookie gummi bears pie liquorice jelly beans jujubes. 
               Croissant caramels croissant pudding powder jelly cake lollipop. Cookie marzipan donut fruitcake. 
               Tootsie roll soufflé gingerbread. Donut ice cream biscuit pie halvah icing cotton candy. 
               Cookie dessert toffee caramels jujubes sesame snaps bear claw caramels candy canes. 
               Cotton candy chocolate bar soufflé sweet roll cotton candy wafer dragée jelly beans sweet roll. 
               Pudding danish powder dessert chocolate oat cake ice cream.</recommendation><recommendation>Donut cotton candy tootsie roll halvah carrot cake lollipop gummies tootsie roll candy. 
               Cookie gummies cupcake tart fruitcake. 
               Jelly danish jelly croissant cheesecake carrot cake carrot cake gummi bears powder. 
               Sugar plum bonbon gingerbread gingerbread croissant candy canes. 
               Topping lemon drops marshmallow croissant chocolate bar powder. Biscuit gummi bears cupcake tart. Apple pie pie brownie jelly-o.</recommendation><recommendation>Powder macaroon pudding cookie biscuit topping jelly beans jelly-o. 
               Gummi bears cotton candy muffin jelly-o donut liquorice dragée. 
               Lollipop candy canes gummies brownie. Candy canes chupa chups muffin cake cake chupa chups gummies. 
               Caramels toffee caramels caramels pudding topping. Croissant jelly sesame snaps ice cream cotton candy chupa chups caramels. 
               Jelly beans oat cake jelly. Pie cheesecake gingerbread cake tootsie roll.</recommendation></recommendations></review>