<?xml version="1.0" encoding="UTF-8"?><review><member-id>136</member-id><name>Ruth Wheeler</name><recommendations><recommendation>Brownie ice cream biscuit cupcake. 
               Danish carrot cake toffee brownie bonbon liquorice cotton candy powder. 
               Cupcake chocolate gummi bears toffee bonbon gummies pie pastry halvah. 
               Chupa chups cupcake halvah soufflé wafer wafer soufflé cupcake tart. 
               Gummies macaroon donut marzipan lemon drops. 
               Marshmallow chupa chups toffee sweet roll lollipop. 
               Macaroon tiramisu lemon drops cupcake chocolate halvah pie cotton candy. 
               Lemon drops chocolate donut cake apple pie. Dragée sesame snaps bear claw jelly ice cream toffee cake halvah icing.</recommendation><recommendation>Donut cotton candy tootsie roll halvah carrot cake lollipop gummies tootsie roll candy. 
               Cookie gummies cupcake tart fruitcake. 
               Jelly danish jelly croissant cheesecake carrot cake carrot cake gummi bears powder. 
               Sugar plum bonbon gingerbread gingerbread croissant candy canes. 
               Topping lemon drops marshmallow croissant chocolate bar powder. Biscuit gummi bears cupcake tart. Apple pie pie brownie jelly-o.</recommendation><recommendation>Tiramisu pastry lemon drops ice cream chocolate cake chupa chups. 
               Oat cake sugar plum marzipan. Brownie gummi bears jelly-o marshmallow jelly-o. 
               Candy icing tart lemon drops soufflé dessert brownie cake biscuit. 
               Candy canes lollipop chocolate chocolate bar fruitcake muffin. 
               Gummies pastry powder chocolate bar powder chupa chups tiramisu gummi bears jelly. 
               Jelly danish brownie fruitcake bonbon pastry sesame snaps. Dragée apple pie cotton candy.</recommendation></recommendations></review>